ticker,dt_refer,ordinarias,preferenciais,tesouraria,em_circulacao
CMIN3,2020-12-31,181.001902,0.000000,0.000000,181.001902
CMIN3,2021-12-31,5485.838838,0.000000,105.407300,5380.431538
CMIN3,2022-12-31,5485.338838,0.000000,0.000000,5485.338838
CMIN3,2023-12-31,5485.338838,0.000000,0.000000,5485.338838
CMIN3,2024-12-31,5485.338835,0.000000,53.294297,5432.044538
CMIN3,2025-03-31,5485.338835,0.000000,53.294297,5432.044538
CMIN3,2025-06-30,5485.338835,0.000000,53.294297,5432.044538
CMIN3,2025-09-30,5485.338835,0.000000,53.294297,5432.044538
CMIN3,2025-12-31,54320.445380,0.000000,53.294297,54267.151083
CMIN3,2026-03-31,5432.044538,0.000000,0.000000,5432.044538
CMIN3,2026-06-30,5432.044538,0.000000,29.609100,5402.435438
CSNA3,2020-12-31,1387.524047,0.000000,7.409500,1380.114547
CSNA3,2021-12-31,1387.524047,0.000000,45.790000,1341.734047
CSNA3,2022-12-31,1326.093947,0.000000,0.000000,1326.093947
CSNA3,2023-12-31,1326.093947,0.000000,0.000000,1326.093947
CSNA3,2024-12-31,1326.093947,0.000000,0.000000,1326.093947
CSNA3,2025-03-31,1326.093947,0.000000,0.000000,1326.093947
CSNA3,2025-06-30,1326.093947,0.000000,0.000000,1326.093947
CSNA3,2025-09-30,1326.093947,0.000000,0.000000,1326.093947
CSNA3,2025-12-31,1326.093947,0.000000,0.000000,1326.093947
CSNA3,2026-03-31,1326.093947,0.000000,0.000000,1326.093947
CSNA3,2026-06-30,1326.093947,0.000000,0.000000,1326.093947
GGBR4,2020-12-31,573.627483,1146.031245,18.497296,1701.161432
GGBR4,2021-12-31,573.627483,1146.031245,13.911882,1705.746846
GGBR4,2022-12-31,571.929945,1101.467245,9.836850,1663.560340
GGBR4,2023-12-31,600.526442,1156.540608,7.544641,1749.522409
GGBR4,2024-12-31,719.956830,1358.848730,37.512079,2041.293481
GGBR4,2025-03-31,718.863819,1333.848730,23.693854,2029.018695
GGBR4,2025-06-30,718.346219,1309.848730,30.400404,1997.794545
GGBR4,2025-09-30,718.066519,1295.747330,28.872481,1984.941368
GGBR4,2025-12-31,717.782619,1283.097330,25.736058,1975.143891
GGBR4,2026-03-31,717.363819,1275.397330,25.286167,1967.474982
GGBR4,2026-06-30,717.138819,1268.017330,21.975510,1963.180639
USIM5,2020-12-31,705.260684,547.818424,22.546101,1230.533007
USIM5,2021-12-31,705.260684,547.818424,22.136448,1230.942660
USIM5,2022-12-31,705.260684,547.818424,22.136448,1230.942660
USIM5,2023-12-31,705.260684,547.818424,22.136448,1230.942660
USIM5,2024-12-31,705.260684,547.818424,22.136448,1230.942660
USIM5,2025-03-31,705.260684,547.818424,22.136448,1230.942660
USIM5,2025-06-30,705.260684,547.818424,22.136448,1230.942660
USIM5,2025-09-30,705.260684,547.818424,22.136448,1230.942660
USIM5,2025-12-31,705.260684,547.818424,22.136448,1230.942660
USIM5,2026-03-31,705.260684,547.818424,22.136448,1230.942660
USIM5,2026-06-30,705.260684,547.818424,22.136448,1230.942660
VALE3,2020-12-31,5284.474000,0.000000,154.563000,5129.911000
VALE3,2021-12-31,5132.458000,0.000000,292.841000,4839.617000
VALE3,2022-12-31,4778.889000,0.000000,295.811000,4483.078000
VALE3,2023-12-31,4539.007000,0.000000,239.153000,4299.854000
VALE3,2024-12-31,4539.008000,0.000000,270.288000,4268.720000
VALE3,2025-03-31,4539.008000,0.000000,270.228000,4268.780000
VALE3,2025-06-30,4539.008000,0.000000,270.288000,4268.720000
VALE3,2025-09-30,4539.007000,0.000000,270.228000,4268.779000
VALE3,2025-12-31,4539.007000,0.000000,270.228000,4268.779000
VALE3,2026-03-31,4262.534000,0.000000,174.626000,4087.908000
VALE3,2026-06-30,4255.763000,0.000000,183.397000,4072.366000
