mes,minerio_usd,dolar,minerio_brl,VALE3,CSNA3,GGBR4
2021-01,169.6000,5.3562,908.4115,94.7553,34.9295,21.8601
2021-02,163.8000,5.4165,887.2227,94.0706,33.7522,20.3917
2021-03,168.2000,5.6461,949.6740,97.0765,35.7317,23.2286
2021-04,179.8000,5.5621,1000.0656,106.2720,45.6760,26.8713
2021-05,207.7000,5.2911,1098.9615,112.1795,47.6300,28.7345
2021-06,214.4000,5.0319,1078.8394,111.6057,44.0000,25.9524
2021-07,214.1000,5.1567,1104.0495,114.0605,45.7105,25.1444
2021-08,162.2000,5.2517,851.8257,104.8200,40.5936,24.8958
2021-09,124.5000,5.2797,657.3226,88.0529,31.4619,22.1806
2021-10,122.9000,5.5400,680.8660,77.1560,26.4185,22.8250
2021-11,96.2000,5.5569,534.5738,67.4545,21.8845,21.0171
2021-12,117.0000,5.6514,661.2138,76.9362,24.4071,23.4730
2022-01,132.5000,5.5341,733.2682,83.3276,25.3119,23.2623
2022-02,142.8000,5.1966,742.0745,88.6621,26.2442,22.7447
2022-03,152.1000,4.9684,755.6936,96.4768,26.4736,24.6019
2022-04,151.3000,4.7580,719.8854,89.6074,24.0916,24.2952
2022-05,131.2000,4.9551,650.1091,81.2123,19.8659,23.3250
2022-06,130.7000,5.0492,659.9304,81.5224,18.6457,21.5187
2022-07,108.6000,5.3681,582.9757,71.4876,14.5210,19.4504
2022-08,108.9000,5.1433,560.1054,68.3078,15.3083,20.3547
2022-09,99.8000,5.2370,522.6526,67.7724,13.0567,19.8905
2022-10,92.6000,5.2503,486.1778,72.5035,13.3745,21.6400
2022-11,93.3000,5.2747,492.1295,78.4480,14.0565,24.2587
2022-12,111.8000,5.2424,586.1003,86.7957,14.2871,25.2532
2023-01,122.2000,5.2007,635.5255,93.2805,16.9445,26.5265
2023-02,127.6000,5.1717,659.9089,87.8589,17.3011,24.4782
2023-03,128.4000,5.2115,669.1566,83.3178,15.6261,22.0322
2023-04,117.4000,5.0197,589.3128,76.4006,14.7117,20.9796
2023-05,105.2000,4.9828,524.1906,67.7786,12.8105,20.3682
2023-06,113.5000,4.8516,550.6566,67.2400,12.9190,21.1218
2023-07,114.4000,4.8008,549.2115,67.6952,12.8876,22.7246
2023-08,110.2000,4.9035,540.3657,64.3735,12.4400,21.8370
2023-09,121.0000,4.9370,597.3770,67.9465,12.2160,20.9000
2023-10,119.0000,5.0648,602.7112,66.0690,11.4552,18.5345
2023-11,131.1000,4.8983,642.1671,72.9810,14.4035,19.1929
2023-12,137.1000,4.8972,671.4061,74.3963,18.0211,19.1105
2024-01,135.8000,4.9144,667.3755,71.2405,18.0514,18.1098
2024-02,124.4000,4.9644,617.5714,66.5853,17.7647,17.7974
2024-03,109.8000,4.9801,546.8150,62.7000,16.0650,18.0054
2024-04,112.8000,5.1291,578.5625,62.1800,14.6159,18.8513
2024-05,118.9000,5.1330,610.3137,64.6476,13.6186,19.0738
2024-06,107.5000,5.3890,579.3175,60.9795,12.5095,17.4530
2024-07,106.9000,5.5420,592.4398,62.0713,12.6917,18.3209
2024-08,99.9000,5.5526,554.7047,57.7755,11.7741,17.7718
2024-09,92.8000,5.5416,514.2605,58.7276,11.8638,18.4419
2024-10,101.4000,5.6241,570.2837,61.7496,12.0422,18.5752
2024-11,100.5000,5.8071,583.6136,59.1300,11.4174,19.7642
2024-12,102.2000,6.0970,623.1134,56.5595,10.4011,19.9989
2025-01,99.6000,6.0218,599.7713,52.9295,8.1941,17.4991
2025-02,105.1000,5.7656,605.9646,55.6975,8.7535,17.0270
2025-03,100.1000,5.7468,575.2547,56.4795,9.4758,16.9763
2025-04,97.2000,5.7837,562.1756,53.6500,8.8325,15.1795
2025-05,97.0000,5.6674,549.7378,53.9681,9.0090,15.3714
2025-06,92.3000,5.5471,511.9973,52.2225,8.0360,16.4920
2025-07,97.3000,5.5285,537.9230,55.0522,8.1265,16.7309
2025-08,99.7000,5.4469,543.0559,54.3681,7.2433,16.3581
2025-09,103.3000,5.3674,554.4524,57.0000,7.8500,16.8441
2025-10,103.5000,5.3855,557.3993,60.6626,8.6100,17.9209
2025-11,102.5000,5.3409,547.4423,65.4884,8.4879,18.8526
2025-12,104.6000,5.4531,570.3943,70.6565,9.2160,19.9610
2026-01,105.5000,5.3380,563.1590,79.5500,9.7914,22.0690
2026-02,98.8000,5.2006,513.8193,87.4233,9.1633,21.8833
2026-03,104.5000,5.2316,546.7022,79.8286,6.7159,18.5032
2026-04,106.1000,5.0331,534.0119,85.4395,6.5195,21.2700
2026-05,108.6000,4.9837,541.2298,82.2340,6.4860,23.5600
2026-06,100.8000,5.1276,516.8621,79.6829,5.6710,22.6838
2026-07,98.2000,5.1139,502.1850,75.0152,5.0661,23.3457
2026-08,96.3000,5.1532,496.2532,75.1733,4.7524,24.1638
2026-09,97.7000,5.1447,502.6372,74.7929,6.2257,25.2757
