ticker,doc,dt_refer,versao,dt_receb,cd_cvm,id_doc
CMIN3,DFP,2019-12-31,1,2021-01-27,025585,97692
CMIN3,DFP,2020-12-31,1,2021-02-22,025585,100356
CMIN3,DFP,2021-12-31,1,2022-03-09,025585,112369
CMIN3,DFP,2022-12-31,1,2023-03-08,025585,123991
CMIN3,DFP,2023-12-31,2,2024-03-06,025585,134514
CMIN3,DFP,2024-12-31,2,2025-04-01,025585,146102
CMIN3,DFP,2025-12-31,2,2026-03-12,025585,155318
CMIN3,ITR,2025-03-31,1,2025-05-08,025585,147174
CMIN3,ITR,2025-06-30,1,2025-07-31,025585,150531
CMIN3,ITR,2025-09-30,1,2025-11-04,025585,152663
CMIN3,ITR,2026-03-31,1,2026-05-13,025585,157332
CMIN3,ITR,2026-06-30,1,2026-08-12,025585,160566
CSNA3,DFP,2018-12-31,1,2019-02-20,004030,80783
CSNA3,DFP,2019-12-31,1,2020-03-04,004030,91368
CSNA3,DFP,2020-12-31,1,2021-02-22,004030,100354
CSNA3,DFP,2021-12-31,1,2022-03-09,004030,112377
CSNA3,DFP,2022-12-31,2,2023-03-16,004030,124211
CSNA3,DFP,2023-12-31,1,2024-03-06,004030,134513
CSNA3,DFP,2024-12-31,1,2025-03-12,004030,145354
CSNA3,DFP,2025-12-31,1,2026-03-11,004030,155288
CSNA3,ITR,2025-03-31,1,2025-05-08,004030,147173
CSNA3,ITR,2025-06-30,1,2025-07-31,004030,150530
CSNA3,ITR,2025-09-30,1,2025-11-04,004030,152664
CSNA3,ITR,2026-03-31,1,2026-05-13,004030,157335
CSNA3,ITR,2026-06-30,1,2026-08-12,004030,160568
GGBR4,DFP,2018-12-31,1,2019-02-21,003980,80788
GGBR4,DFP,2019-12-31,1,2020-02-19,003980,91066
GGBR4,DFP,2020-12-31,1,2021-02-24,003980,100393
GGBR4,DFP,2021-12-31,1,2022-02-23,003980,111961
GGBR4,DFP,2022-12-31,1,2023-03-01,003980,123775
GGBR4,DFP,2023-12-31,1,2024-02-20,003980,134146
GGBR4,DFP,2024-12-31,2,2025-02-24,003980,144975
GGBR4,DFP,2025-12-31,1,2026-02-23,003980,154830
GGBR4,ITR,2025-03-31,1,2025-04-28,003980,146586
GGBR4,ITR,2025-06-30,1,2025-07-31,003980,150437
GGBR4,ITR,2025-09-30,1,2025-10-30,003980,152551
GGBR4,ITR,2026-03-31,1,2026-04-27,003980,156413
GGBR4,ITR,2026-06-30,1,2026-08-04,003980,160130
USIM5,DFP,2018-12-31,1,2019-02-15,014320,80692
USIM5,DFP,2019-12-31,1,2020-02-14,014320,90949
USIM5,DFP,2020-12-31,1,2021-02-12,014320,100148
USIM5,DFP,2021-12-31,1,2022-02-11,014320,111713
USIM5,DFP,2022-12-31,1,2023-02-10,014320,123467
USIM5,DFP,2023-12-31,2,2025-01-16,014320,144312
USIM5,DFP,2024-12-31,1,2025-02-14,014320,144777
USIM5,DFP,2025-12-31,1,2026-02-13,014320,154757
USIM5,ITR,2025-03-31,1,2025-04-24,014320,146466
USIM5,ITR,2025-06-30,1,2025-07-25,014320,150128
USIM5,ITR,2025-09-30,1,2025-10-24,014320,152464
USIM5,ITR,2026-03-31,1,2026-04-24,014320,156351
USIM5,ITR,2026-06-30,1,2026-07-30,014320,159792
VALE3,DFP,2018-12-31,2,2019-04-18,004170,82269
VALE3,DFP,2019-12-31,2,2020-03-02,004170,91294
VALE3,DFP,2020-12-31,1,2021-02-25,004170,100475
VALE3,DFP,2021-12-31,1,2022-02-24,004170,112054
VALE3,DFP,2022-12-31,2,2023-02-16,004170,123591
VALE3,DFP,2023-12-31,1,2024-02-22,004170,134200
VALE3,DFP,2024-12-31,3,2025-03-17,004170,145455
VALE3,DFP,2025-12-31,2,2026-03-12,004170,155313
VALE3,ITR,2025-03-31,2,2025-04-25,004170,146543
VALE3,ITR,2025-06-30,1,2025-07-31,004170,150500
VALE3,ITR,2025-09-30,1,2025-10-30,004170,152560
VALE3,ITR,2026-03-31,1,2026-04-28,004170,156449
VALE3,ITR,2026-06-30,3,2026-07-31,004170,159978
