ticker,periodo,capex,custo,da,despesas_financeiras,despesas_ga,despesas_operacionais,despesas_vendas,dividendos_pagos,ebit,equivalencia,fcf,fci,fco,ir,lair,lucro_bruto,lucro_controladores,lucro_liquido,receita,receitas_financeiras,resultado_financeiro,aplicacoes,ativo_circulante,ativo_total,caixa,contas_receber,divida_cp,divida_lp,estoques,fornecedores,imobilizado,intangivel,investimentos,minoritarios,passivo_circulante,passivo_nao_circulante,patrimonio_liquido,data_balanco,outras_operacionais,ebitda,custo_caixa,nopat,divida_bruta,caixa_total,divida_liquida,capital_de_giro,ativo_fixo,capital_investido,crescimento_receita,margem_bruta,margem_ebitda,margem_ebit,margem_liquida,custo_caixa_pct,vendas_pct,ga_pct,outras_pct,capex_pct,da_pct_ativo_fixo,aliquota_efetiva,prazo_recebimento,prazo_estoque,prazo_pagamento,ciclo_caixa,divida_liquida_ebitda,liquidez_corrente,roe,roic,custo_implicito_divida,rendimento_implicito_caixa,payout,fcl_simples
CMIN3,2019,613.677000,-4364.471000,497.235000,-138.920000,-153.243000,-1788.157000,-1506.414000,4891.864000,5303.318000,55.202000,-6227.259000,-613.677000,5827.958000,-1530.942000,5195.205000,7091.475000,3664.263000,3664.263000,11455.946000,30.807000,-108.113000,36.132000,2646.339000,15877.947000,428.077000,1434.073000,43.347000,1436.636000,468.433000,825.571000,7186.659000,4242.388000,1197.938000,0.000000,2176.596000,4343.814000,9357.537000,2019-12-31,-183.702000,5800.553000,-3867.236000,3463.756560,1479.983000,464.209000,1015.774000,1076.935000,11429.047000,12505.982000,,0.619021,0.506336,0.462931,0.319857,0.337575,0.131496,0.013377,-0.016036,0.053568,,0.294684,45.691263,44.211950,77.919583,11.983631,0.175117,1.215815,0.391584,0.276968,,,1.335020,5214.281000
CMIN3,2020,641.924000,-5480.608000,1231.245000,-540.611000,-159.296000,-2006.535000,-1219.967000,2380.000000,6302.388000,48.534000,-2642.640000,-641.924000,5829.008000,-1759.287000,5789.997000,8308.923000,4030.710000,4030.710000,13789.531000,28.220000,-512.391000,1.425000,6597.075000,19622.406000,2972.521000,2825.734000,45.014000,1280.000000,512.440000,1393.323000,6852.757000,4235.971000,1225.372000,0.000000,4598.123000,4422.586000,10601.697000,2020-12-31,-675.806000,7533.633000,-4249.363000,4127.543640,1325.014000,2973.946000,-1648.932000,1944.851000,11088.728000,13033.579000,0.203701,0.602553,0.546330,0.457042,0.292302,0.308159,0.088471,0.011552,-0.049009,0.046552,0.107729,0.303849,74.795358,44.016150,119.679796,-0.868287,-0.218876,1.434732,0.380195,0.316685,0.385463,0.016416,0.590467,5187.084000
CMIN3,2021,1336.004000,-8008.266000,751.260000,-414.402000,-130.164000,-1562.106000,-1252.259000,3609.607000,9469.498000,92.055000,38.514000,-1336.004000,9041.771000,-2833.678000,9204.644000,11031.604000,6370.966000,6370.966000,19039.870000,149.548000,-264.854000,217.023000,12797.847000,26991.134000,10716.802000,749.766000,478.410000,4234.652000,855.205000,1150.427000,7692.003000,4221.255000,1313.186000,0.000000,6532.581000,6460.264000,13998.289000,2021-12-31,-271.738000,10220.758000,-7257.006000,6189.112380,4713.062000,10933.825000,-6220.763000,454.544000,11913.258000,12367.802000,0.380748,0.579395,0.536808,0.497351,0.334612,0.381148,0.065770,0.006836,-0.014272,0.070169,0.067750,0.307853,14.373238,43.013582,57.862134,-0.475314,-0.608640,1.959080,0.455125,0.500421,0.137263,0.021506,0.566571,7705.767000
CMIN3,2022,1191.025000,-7083.267000,998.926000,-1116.416000,-117.446000,-1436.726000,-1028.842000,5438.635000,4752.571000,116.562000,-2099.170000,-1538.268000,-584.552000,-1030.104000,3980.402000,6189.297000,0.000000,2950.298000,13272.564000,344.247000,-772.169000,247.326000,9617.117000,25053.595000,6489.572000,1545.463000,1045.990000,7350.418000,923.849000,1384.390000,8356.288000,4387.152000,1425.588000,0.000000,4642.823000,9017.345000,11393.427000,2022-12-31,-407.000000,5751.497000,-6084.341000,3059.765940,8396.408000,6736.898000,1659.510000,1084.922000,12743.440000,13828.362000,-0.302907,0.466323,0.433337,0.358075,0.222285,0.458415,0.077516,0.008849,-0.030665,0.089736,0.083850,0.258794,42.500755,55.421760,83.049643,14.872872,0.288535,2.071394,0.000000,0.221267,0.170322,0.038962,1.843419,-1775.577000
CMIN3,2023,1443.585000,-9839.057000,1041.140000,-1766.298000,-161.189000,-3004.994000,-2050.270000,3854.265000,6036.375000,152.194000,-3734.414000,-1208.712000,8246.363000,-1237.821000,4806.558000,9041.369000,0.000000,3568.737000,18880.426000,536.481000,-1229.817000,12.452000,12987.583000,29690.605000,9795.878000,1712.870000,445.182000,7733.799000,935.979000,1843.187000,8958.768000,4352.819000,1577.155000,0.000000,6069.785000,12922.123000,10698.697000,2023-12-31,-945.729000,7077.515000,-8797.917000,3883.559460,8178.981000,9808.330000,-1629.349000,805.662000,13311.587000,14117.249000,0.422515,0.478875,0.374860,0.319716,0.189018,0.465981,0.108592,0.008537,-0.050090,0.076459,0.081700,0.257528,33.113530,38.831048,76.468470,-4.523893,-0.230215,2.139711,0.000000,0.275093,0.213123,0.064850,1.080008,6802.778000
CMIN3,2024,1762.531000,-8025.027000,1150.018000,62.039000,-182.052000,-3503.982000,-3537.738000,4326.702000,4967.308000,181.978000,-4594.195000,-1763.970000,11756.687000,-1221.407000,5749.125000,8471.290000,0.000000,4527.718000,16496.317000,719.778000,781.817000,13.891000,17832.106000,36390.919000,15185.928000,1506.580000,1340.018000,8788.702000,777.848000,2067.209000,9704.951000,4356.721000,1774.066000,0.000000,7545.988000,18575.817000,10269.114000,2024-12-31,33.830000,6117.326000,-6875.009000,3158.317800,10128.720000,15199.819000,-5071.099000,217.219000,14061.672000,14278.891000,-0.126274,0.513526,0.370830,0.301116,0.274468,0.416760,0.214456,0.011036,0.002051,0.106844,0.086392,0.212451,33.334816,41.296603,109.749861,-35.118442,-0.828973,2.363124,0.000000,0.221188,-0.006777,0.057563,0.955603,9994.156000
CMIN3,2025,2364.993000,-9850.577000,1275.994000,-3350.004000,-183.810000,-3163.401000,-2812.475000,2283.627000,5011.143000,226.102000,-2482.192000,-5718.956000,1894.347000,-799.182000,2448.341000,8174.544000,1649.647000,1649.159000,18025.121000,787.202000,-2562.802000,18.074000,12084.606000,33553.574000,8871.892000,1914.795000,1650.923000,7535.494000,825.422000,2171.640000,10994.169000,4331.504000,3061.007000,0.682000,10039.250000,16833.516000,6680.808000,2025-12-31,-393.218000,6287.137000,-8574.583000,3158.127060,9186.417000,8889.966000,296.451000,568.577000,15325.673000,15894.250000,0.092675,0.453508,0.348799,0.278009,0.091492,0.475702,0.156031,0.010197,-0.021815,0.131205,0.090743,0.326418,38.773675,35.136289,92.441650,-18.531686,0.047152,1.203736,0.246948,0.198696,0.346879,0.065356,1.384722,-470.646000
CMIN3,LTM 2T26,2570.459000,-9375.734000,1361.712000,-2237.063000,-181.320000,-3375.116000,-3003.868000,2283.627000,4642.024000,194.975000,-2566.460000,-5924.681000,2003.622000,-695.817000,3028.019000,8017.140000,2333.063000,2332.202000,17392.874000,623.058000,-1614.005000,19.242000,11437.315000,33847.438000,7920.160000,1895.014000,1592.962000,7371.544000,764.202000,2135.631000,11608.118000,4320.941000,3095.981000,0.190000,9750.279000,16757.558000,7339.601000,2026-06-30,-384.903000,6003.736000,-8014.022000,2935.052340,8964.506000,7939.402000,1025.104000,523.585000,15929.059000,16452.644000,-0.035076,0.460944,0.345184,0.266892,0.134090,0.460765,0.172707,0.010425,-0.022130,0.147788,0.088852,0.229793,39.768017,34.805711,97.267678,-22.693951,0.170744,1.173024,0.317882,0.178394,0.246496,0.074044,0.979172,-566.837000
CSNA3,2018,1319.302000,-16105.657000,1273.021000,-2806.157000,-494.023000,83.332000,-2263.688000,502.002000,6946.560000,135.706000,-3257.186000,-98.459000,2208.105000,-250.334000,5450.917000,6863.228000,5074.136000,5200.583000,22968.885000,1310.514000,-1495.643000,895.713000,12014.483000,47327.524000,2248.004000,2078.182000,5653.439000,23173.635000,5039.560000,3473.822000,18046.864000,7253.175000,5630.613000,1310.705000,11438.552000,25875.532000,10013.440000,2018-12-31,2705.337000,8219.581000,-14832.636000,4495.163640,28827.074000,3143.717000,25683.357000,3643.920000,25300.039000,28943.959000,,0.298805,0.357857,0.302433,0.226419,0.645771,0.098555,0.021508,0.117783,0.057439,,0.045925,33.024521,124.012981,85.483459,71.554043,3.124655,1.050350,0.583051,0.155306,,,0.096528,888.803000
CSNA3,2019,2215.883000,-17263.264000,1519.331000,-2510.226000,-511.065000,-4631.236000,-2342.805000,1920.309000,3541.917000,125.715000,-3788.864000,-2236.367000,4871.879000,833.778000,1410.733000,8173.153000,1789.067000,2244.511000,25436.417000,379.042000,-2131.184000,2633.173000,12725.805000,50869.276000,1088.955000,2047.931000,5125.843000,22841.193000,5282.750000,3012.654000,19700.944000,7231.781000,3584.169000,1187.388000,11619.957000,27887.387000,11361.932000,2019-12-31,-1903.081000,5061.248000,-15743.933000,2254.693320,27967.036000,3722.128000,24244.908000,4318.027000,26932.725000,31250.752000,0.107429,0.321317,0.198976,0.139246,0.088240,0.618952,0.092104,0.020092,-0.074817,0.087115,0.060053,-0.591025,29.386797,122.472812,69.843965,82.015644,4.790302,1.095168,0.175838,0.072148,0.088397,0.110414,0.855558,2655.996000
CSNA3,2020,1683.839000,-19124.901000,2516.728000,-2599.039000,-504.458000,-5224.682000,-2004.417000,309.350000,5714.437000,71.755000,1185.072000,-1863.655000,9576.874000,-625.508000,4918.126000,10939.119000,3794.295000,4292.618000,30064.020000,1802.728000,-796.311000,3783.362000,23386.194000,63002.149000,9944.586000,2867.352000,4126.453000,31144.200000,4817.586000,4819.539000,19716.223000,7316.794000,3695.780000,1338.054000,14725.696000,37024.948000,11251.505000,2020-12-31,-2787.562000,8231.165000,-16608.173000,3724.170120,35270.653000,13727.948000,21542.705000,2865.399000,27033.017000,29898.416000,0.181928,0.363861,0.273788,0.190076,0.142783,0.552427,0.066672,0.016779,-0.092721,0.056008,0.093445,0.127184,34.811828,105.876720,105.919642,34.768906,2.617212,1.588121,0.382742,0.124561,0.082199,0.206615,0.072066,7893.035000
CSNA3,2021,2864.707000,-25837.475000,2212.406000,-3111.368000,-587.148000,-1534.602000,-2372.298000,3290.544000,20539.962000,182.504000,-8529.859000,447.928000,14793.263000,-5000.157000,18595.778000,22074.564000,12258.628000,13595.621000,47912.039000,1167.184000,-1944.184000,2644.732000,34972.354000,79379.103000,16646.480000,2597.838000,5486.859000,27020.663000,10943.835000,6446.999000,21531.134000,7657.050000,4011.828000,3059.391000,24541.616000,31463.098000,23374.389000,2021-12-31,1242.340000,22752.368000,-23625.069000,13435.922280,32507.522000,19291.212000,13216.310000,7094.674000,29188.184000,36282.858000,0.593667,0.460731,0.474878,0.428701,0.283762,0.493093,0.049514,0.012255,0.025930,0.059791,0.081841,0.268887,19.790660,169.078862,99.604138,89.265384,0.580876,1.425022,0.603427,0.370310,0.091810,0.070697,0.242030,11928.556000
CSNA3,2022,3352.210000,-31054.016000,2870.231000,-3436.805000,-674.119000,-5666.642000,-2575.818000,3756.738000,7641.462000,237.917000,4747.026000,-11454.532000,2042.793000,-1958.739000,4126.437000,13308.104000,1554.060000,2167.698000,44362.120000,-78.220000,-3515.025000,1456.485000,30612.360000,85354.359000,11991.356000,3233.164000,5193.636000,35725.106000,11289.229000,6596.915000,26370.445000,10788.054000,5219.082000,2326.577000,22475.119000,41063.196000,21816.044000,2022-12-31,-2654.622000,10511.693000,-28183.785000,4886.339700,40918.742000,13447.841000,27470.901000,7925.478000,37158.499000,45083.977000,-0.074092,0.299988,0.236952,0.172252,0.048864,0.635312,0.058063,0.015196,-0.059840,0.075565,0.098335,0.474680,26.601634,146.203520,85.434727,87.370427,2.613366,1.362056,0.079738,0.108383,0.093612,-0.004778,1.733054,-1309.417000
CSNA3,2023,4408.119000,-33475.189000,3372.073000,-5807.129000,-760.894000,-6776.012000,-3729.089000,3980.871000,5186.749000,351.131000,1323.583000,-4589.126000,7292.608000,-632.718000,1035.367000,11962.761000,-318.206000,402.649000,45437.950000,1655.747000,-4151.382000,1533.004000,33077.700000,91529.720000,16046.218000,3269.764000,7613.367000,37245.708000,9557.578000,7739.520000,27927.458000,10536.481000,5443.131000,2184.163000,25017.103000,46827.779000,19684.838000,2023-12-31,-2637.160000,8558.822000,-30103.116000,3191.507880,44859.075000,17579.222000,27279.853000,5087.822000,38463.939000,43551.761000,0.024251,0.263277,0.188363,0.114150,0.008862,0.662510,0.082070,0.016746,-0.058039,0.097014,0.090748,0.611105,26.265795,115.885544,93.841608,48.309731,3.187337,1.322203,-0.018182,0.073281,0.135399,0.106729,9.886703,2884.489000
CSNA3,2024,5494.335000,-31990.696000,3786.055000,-7211.434000,-855.999000,-7426.742000,-5453.297000,2535.325000,4270.022000,448.048000,-103.832000,-1119.735000,8650.505000,5.208000,-1543.349000,11696.764000,-2591.851000,-1538.141000,43687.460000,1398.063000,-5813.371000,911.378000,39785.693000,103906.654000,23310.197000,2900.998000,8821.679000,48092.942000,10439.741000,7030.734000,30426.023000,10438.091000,5948.051000,3187.678000,25116.475000,63331.063000,15459.116000,2024-12-31,-1565.494000,8056.077000,-28204.641000,2522.502840,56914.621000,24221.575000,32693.046000,6310.005000,40864.114000,47174.119000,-0.038525,0.267737,0.184403,0.097740,-0.035208,0.645600,0.124825,0.019594,-0.035834,0.125765,0.098431,0.003374,24.237259,135.102073,90.985661,68.353670,4.058184,1.584048,-0.211210,0.053472,0.141715,0.066892,-1.648305,3156.170000
CSNA3,2025,5935.897000,-32404.221000,4150.475000,-8012.999000,-979.164000,-7577.051000,-5033.148000,695.232000,4816.674000,518.744000,-1776.251000,-6123.369000,-973.179000,172.792000,-1679.518000,12393.725000,-2002.374000,-1506.726000,44797.946000,1516.807000,-6496.192000,642.715000,30330.629000,100575.369000,14421.022000,2397.033000,10428.559000,42495.988000,10455.500000,7162.929000,33919.169000,11006.125000,8292.026000,2860.291000,28074.399000,56764.620000,15736.350000,2025-12-31,-2083.483000,8967.149000,-28253.746000,2836.633800,52924.547000,15063.737000,37860.810000,5689.604000,44925.294000,50614.898000,0.025419,0.276658,0.200169,0.107520,-0.033634,0.630693,0.112352,0.021857,-0.046508,0.132504,0.101568,0.102882,19.530294,135.070850,92.535308,62.065836,4.222168,1.080366,-0.155511,0.056043,0.145904,0.077220,-0.461419,-6909.076000
CSNA3,LTM 2T26,5981.896000,-32517.962000,4381.847000,-7312.462000,-1009.541000,-9243.594000,-5210.199000,905.831000,3345.416000,435.292000,1380.065000,-5871.204000,-245.000000,577.159000,-2550.017000,12589.010000,-2626.882000,-1972.858000,45106.972000,1417.029000,-5895.433000,654.791000,29739.027000,100602.032000,13630.963000,2531.565000,8326.693000,45038.867000,9368.174000,7349.910000,34534.185000,10900.309000,8810.278000,3074.044000,25947.546000,59414.110000,15240.376000,2026-06-30,-3459.146000,7727.263000,-28136.115000,1920.681840,53365.560000,14285.754000,39079.806000,4549.829000,45434.494000,49984.323000,0.006898,0.279092,0.171310,0.074166,-0.043737,0.623764,0.115508,0.022381,-0.076688,0.132616,0.097536,0.226335,20.485109,121.530052,95.347817,46.667343,5.057393,1.146121,-0.215914,0.038426,0.137594,0.096562,-0.459147,-6226.896000
GGBR4,2018,1194.934000,-40010.100000,1891.814000,-2125.887000,-1082.449000,-2102.152000,-580.345000,599.099000,4047.226000,10.141000,-4256.384000,2383.473000,1999.683000,168.951000,2157.431000,6149.378000,2303.868000,2326.382000,46159.478000,236.092000,-1889.795000,459.470000,17503.082000,51281.029000,2890.144000,3201.656000,1824.938000,13081.776000,9167.689000,4119.057000,15546.481000,9948.486000,1367.802000,207.967000,8504.253000,16838.205000,25938.571000,2018-12-31,-449.499000,5939.040000,-38118.286000,2664.476100,14906.714000,3349.614000,11557.100000,8250.288000,25494.967000,33745.255000,,0.133220,0.128664,0.087679,0.050399,0.825795,0.012573,0.023450,-0.009738,0.025887,,-0.078311,25.316674,87.784810,39.441852,73.659631,1.945954,2.058156,0.089538,0.078959,,,0.257524,804.749000
GGBR4,2019,1746.600000,-35440.726000,2074.295000,-1732.427000,-954.117000,-1019.350000,-476.339000,484.173000,3183.934000,-17.050000,-9.596000,-1899.451000,1642.792000,-457.833000,1674.720000,4203.284000,1203.736000,1216.887000,39644.010000,223.213000,-1509.214000,3652.949000,18235.713000,54002.970000,2641.652000,2672.370000,1562.226000,14487.641000,7659.737000,3762.768000,16678.807000,10142.573000,1812.399000,217.426000,7424.537000,19405.306000,27173.127000,2019-12-31,428.156000,5258.229000,-33366.431000,2112.649440,16049.867000,6294.601000,9755.266000,6569.339000,26821.380000,33390.719000,-0.141151,0.106026,0.132636,0.080313,0.030695,0.841651,0.012015,0.024067,0.010800,0.044057,0.081361,0.273379,24.604349,83.790922,41.161439,67.233831,1.855238,2.456141,0.044656,0.063271,0.111926,0.046290,0.397878,-103.808000
GGBR4,2020,1650.778000,-37884.102000,2441.835000,-1892.799000,-1017.435000,-736.174000,-512.950000,274.815000,5194.385000,152.569000,-2493.789000,-2229.077000,6407.906000,-1107.624000,3495.678000,5930.559000,2365.763000,2388.054000,43814.661000,194.092000,-1698.707000,3041.143000,23409.453000,63123.009000,4617.204000,3737.270000,1431.506000,16083.845000,9169.417000,5437.953000,18068.226000,12726.097000,2271.629000,224.939000,11482.143000,20555.656000,31085.210000,2020-12-31,641.642000,7636.220000,-35442.267000,3327.598560,17515.351000,7658.347000,9857.004000,7468.734000,30794.323000,38263.057000,0.105203,0.135356,0.174285,0.118554,0.054504,0.808913,0.011707,0.023221,0.014644,0.037676,0.091041,0.316855,31.133495,94.430675,56.002423,69.561747,1.290822,2.038770,0.076660,0.086966,0.112783,0.027821,0.115079,4757.128000
GGBR4,2021,3026.023000,-57527.721000,2515.909000,-1806.147000,-1390.121000,205.662000,-715.830000,5339.426000,21023.022000,563.158000,-9982.642000,-2996.103000,12516.933000,-4713.630000,20272.568000,20817.360000,15494.111000,15558.938000,78345.081000,1055.693000,-750.454000,2626.212000,32640.477000,73814.613000,4160.654000,5414.075000,1766.493000,12273.200000,16861.488000,8017.140000,19603.530000,12937.287000,3340.775000,211.367000,14036.814000,16962.150000,42815.649000,2021-12-31,1748.455000,23538.931000,-55011.812000,13503.510240,14039.693000,6786.866000,7252.827000,14258.423000,32540.817000,46799.240000,0.788102,0.265714,0.300452,0.268339,0.198595,0.702173,0.009137,0.017744,0.022317,0.038624,0.081700,0.232513,25.223503,111.874939,53.193232,83.905210,0.308120,2.325348,0.363675,0.288541,0.114476,0.146165,0.343174,9490.910000
GGBR4,2022,4291.873000,-63661.156000,2899.239000,-2537.867000,-1454.592000,-999.601000,-733.026000,5891.690000,17751.453000,1151.827000,-8256.287000,-4459.684000,11150.338000,-4379.475000,15859.027000,18751.054000,11425.512000,11479.552000,82412.210000,645.441000,-1892.426000,2959.135000,31257.422000,73798.652000,2475.863000,4999.004000,3121.148000,9486.242000,17817.585000,6618.923000,21383.610000,12049.623000,3896.518000,181.999000,13462.581000,14037.878000,46298.193000,2022-12-31,36.190000,20650.692000,-60761.917000,10955.753160,12607.390000,5434.998000,7172.392000,16197.666000,33433.233000,49630.899000,0.051913,0.227528,0.250578,0.215398,0.139294,0.737293,0.008895,0.017650,0.000439,0.052078,0.089095,0.276150,22.140366,107.031161,39.760215,89.411311,0.347320,2.321800,0.247755,0.220745,0.190480,0.105621,0.513233,6858.465000
GGBR4,2023,5209.128000,-57583.992000,3130.548000,-2262.143000,-1491.441000,-879.728000,-716.195000,2683.328000,10452.727000,827.606000,-4125.428000,-5772.841000,11138.710000,-1809.622000,9346.605000,11332.455000,7501.565000,7536.983000,68916.447000,1156.021000,-1106.122000,2338.097000,29197.937000,74885.144000,3005.645000,4875.394000,1797.622000,9095.686000,15227.778000,5901.183000,24063.184000,11198.858000,3858.449000,179.904000,11284.612000,14361.669000,49238.863000,2023-12-31,500.302000,13583.275000,-54453.444000,6352.579860,10893.308000,5343.742000,5549.566000,14201.989000,35262.042000,49464.031000,-0.163759,0.164438,0.197098,0.151672,0.109364,0.790137,0.010392,0.021641,0.007260,0.075586,0.093636,0.193613,25.821395,102.071395,39.555474,88.337316,0.408559,2.587412,0.152909,0.128428,0.192517,0.214500,0.356022,5929.582000
GGBR4,2024,5778.381000,-57823.416000,3126.247000,-2749.641000,-1404.059000,-1716.038000,-762.560000,1656.414000,7487.202000,464.467000,-2687.204000,-5034.350000,11381.243000,-864.653000,5463.715000,9203.240000,4566.317000,4599.062000,67026.656000,726.154000,-2023.487000,509.030000,32669.423000,86814.493000,7767.813000,5176.958000,735.037000,12901.447000,16504.911000,5718.104000,30760.008000,14253.681000,4222.317000,225.027000,10851.391000,17789.316000,58173.786000,2024-12-31,-13.886000,10613.449000,-54697.169000,4635.005100,13636.484000,8276.843000,5359.641000,15963.765000,45013.689000,60977.454000,-0.027421,0.137307,0.158347,0.111705,0.068615,0.816051,0.011377,0.020948,-0.000207,0.086210,0.088658,0.158254,28.191615,110.139019,38.157513,100.173120,0.504986,3.010621,0.078799,0.076012,0.224188,0.106626,0.360163,5602.862000
GGBR4,2025,6681.620000,-61891.039000,3683.585000,-2118.998000,-1338.443000,-4228.425000,-782.351000,1285.673000,3739.068000,95.622000,-1716.161000,-7573.666000,7987.454000,-1106.009000,2524.447000,7967.493000,1387.020000,1418.438000,69858.532000,904.377000,-1214.621000,445.627000,28605.081000,81688.175000,5929.170000,4810.640000,941.904000,13240.247000,14731.081000,5009.671000,31912.295000,12687.092000,3944.474000,213.096000,9887.420000,18002.266000,53798.489000,2025-12-31,-2203.253000,7422.653000,-58207.454000,2404.674360,14182.151000,6374.797000,7807.354000,14532.050000,44599.387000,59131.437000,0.042250,0.114052,0.106253,0.053523,0.020304,0.833219,0.011199,0.019159,-0.031539,0.095645,0.081833,0.438119,25.134848,92.373815,31.414016,86.094646,1.051828,2.893078,0.025884,0.040667,0.152344,0.123451,0.906401,1305.834000
GGBR4,LTM 2T26,5415.708000,-60430.291000,3696.375000,-2059.825000,-1302.351000,-4079.307000,-757.790000,1372.327000,5034.141000,196.604000,-6744.618000,-5567.361000,9116.445000,-1558.373000,3833.911000,9113.448000,2237.081000,2275.538000,69543.739000,859.595000,-1200.230000,285.262000,29438.649000,81972.713000,5155.232000,5999.384000,629.750000,12928.339000,16099.611000,6181.971000,32283.184000,11969.463000,3700.806000,190.194000,10257.691000,17980.274000,53734.748000,2026-06-30,-2215.770000,8730.516000,-56733.916000,3192.774420,13558.089000,5440.494000,8117.595000,15917.024000,44252.647000,60169.671000,-0.004506,0.131046,0.125540,0.072388,0.032721,0.815802,0.010897,0.018727,-0.031862,0.077875,0.082880,0.406471,31.487740,103.577515,39.771967,95.293288,0.929796,2.869910,0.041780,0.053063,0.148508,0.145506,0.603078,3700.737000
USIM5,2018,405.141000,-11521.694000,1029.535000,0.000000,-440.022000,-1072.815000,-337.404000,125.469000,1142.271000,260.350000,-1076.793000,-95.900000,509.618000,-406.621000,1235.316000,2215.086000,726.658000,828.695000,13736.780000,0.000000,93.045000,586.559000,8324.317000,26523.851000,1106.790000,1894.291000,467.036000,5382.754000,3880.635000,1133.763000,11715.022000,695.596000,1088.094000,1431.093000,3335.670000,7490.790000,15697.391000,2018-12-31,-555.739000,2171.806000,-10492.159000,582.067860,5849.790000,1693.349000,4156.441000,4641.163000,12410.618000,17051.781000,,0.161252,0.158102,0.083154,0.060327,0.763800,0.024562,0.032032,-0.040456,0.029493,,0.329164,50.333209,134.999076,39.441215,145.891071,1.913818,2.495546,0.050935,0.034135,,,0.151406,104.477000
USIM5,2019,646.236000,-13074.129000,991.785000,0.000000,-426.905000,-922.079000,-288.515000,255.464000,952.511000,180.735000,-1299.918000,-529.006000,1971.824000,-65.981000,442.672000,1874.590000,213.265000,376.691000,14948.719000,0.000000,-509.839000,668.175000,8861.282000,26337.032000,1252.966000,1938.440000,121.333000,4984.905000,3795.832000,1518.270000,11424.691000,726.922000,1143.340000,1522.261000,2889.738000,7881.610000,15565.684000,2019-12-31,-387.394000,1944.296000,-12082.344000,509.372160,5106.238000,1921.141000,3185.097000,4216.002000,12151.613000,16367.615000,0.088226,0.125401,0.130064,0.063719,0.025199,0.808253,0.019300,0.028558,-0.025915,0.043230,0.079914,0.149052,47.330517,114.669693,45.865980,116.134230,1.638175,3.066466,0.015186,0.031121,-0.000000,0.000000,0.678179,1325.588000
USIM5,2020,768.707000,-12831.522000,1000.223000,0.000000,-426.764000,-328.065000,-398.385000,68.083000,2928.465000,159.759000,-289.586000,-1479.159000,3759.388000,-554.230000,1845.973000,3256.530000,672.790000,1291.743000,16088.052000,0.000000,-1082.492000,1606.816000,11829.602000,29952.137000,3261.288000,2372.791000,135.952000,5832.410000,3889.695000,1917.690000,11006.034000,1598.199000,1222.930000,1970.704000,4479.098000,8634.869000,16838.170000,2020-12-31,337.325000,3928.688000,-11831.299000,1827.345960,5968.362000,4868.104000,1100.258000,4344.796000,12604.233000,16949.029000,0.076216,0.202419,0.244199,0.182027,0.080292,0.735409,0.024763,0.026527,0.020967,0.047781,0.082312,0.300237,53.833038,119.998546,59.161454,114.670130,0.280057,2.641068,0.045252,0.107814,-0.000000,0.000000,0.052706,2990.681000
USIM5,2021,1389.727000,-22462.636000,982.741000,0.000000,-503.114000,216.134000,-570.675000,1849.264000,11490.462000,218.788000,-1879.962000,-325.729000,5296.571000,-2276.323000,12336.277000,11274.328000,9070.524000,10059.954000,33736.964000,0.000000,845.815000,682.532000,19999.470000,39481.569000,6341.017000,3563.328000,171.826000,6127.751000,7516.240000,2630.292000,11085.685000,1650.646000,1297.456000,2609.168000,6331.989000,8791.077000,24358.503000,2021-12-31,1071.135000,12473.203000,-21479.895000,7439.304840,6299.577000,7023.549000,-723.972000,8449.276000,12736.331000,21185.607000,1.097020,0.334183,0.369719,0.340590,0.298188,0.636687,0.016915,0.014913,0.031750,0.041193,0.077969,0.184523,38.551623,127.720717,44.695590,121.576751,-0.058042,3.158481,0.417048,0.351149,-0.000000,0.000000,0.183824,3906.844000
USIM5,2022,2026.636000,-26790.835000,902.681000,0.000000,-588.807000,-3013.254000,-629.494000,1233.223000,2666.421000,220.925000,-1088.028000,-3340.897000,997.118000,-1186.025000,3278.914000,5679.675000,1615.538000,2092.889000,32470.510000,0.000000,612.493000,2156.314000,20358.661000,40000.451000,2916.047000,3547.946000,130.975000,6066.582000,9965.172000,2838.631000,10820.571000,1975.940000,1352.833000,2732.725000,5392.626000,8720.075000,25887.750000,2022-12-31,-2015.878000,3569.102000,-25888.154000,1614.027360,6197.557000,5072.361000,1125.196000,10674.487000,12796.511000,23470.998000,-0.037539,0.174918,0.109918,0.082118,0.064455,0.797282,0.019387,0.018134,-0.062083,0.062415,0.070874,0.361713,39.882351,140.500083,40.022178,140.360256,0.315260,3.775278,0.069771,0.068767,-0.000000,0.000000,0.589244,-1029.518000
USIM5,2023,2930.287000,-25850.518000,1061.970000,0.000000,-634.021000,-988.394000,-500.195000,726.529000,799.436000,268.999000,-775.786000,-2674.365000,4568.077000,474.543000,1165.825000,1787.830000,1390.926000,1640.368000,27638.348000,0.000000,366.389000,685.982000,17931.648000,40161.751000,5323.851000,3509.027000,122.887000,5793.223000,7492.964000,2623.848000,12878.818000,1964.454000,1453.531000,2693.787000,5514.389000,8097.925000,26549.437000,2023-12-31,-123.177000,1861.406000,-24788.548000,350.088420,5916.110000,6009.833000,-93.723000,8378.143000,14843.272000,23221.415000,-0.148817,0.064687,0.067349,0.028925,0.059351,0.896890,0.018098,0.022940,-0.004457,0.106023,0.082989,-0.407045,46.341223,110.330458,38.634958,118.036723,-0.050351,3.251792,0.058306,0.015076,-0.000000,0.000000,0.442906,1637.790000
USIM5,2024,923.878000,-24209.863000,1226.067000,0.000000,-651.024000,-1160.360000,-420.001000,383.804000,499.576000,295.855000,-423.371000,-900.929000,989.165000,98.946000,-95.584000,1659.936000,-145.946000,3.362000,25869.799000,0.000000,-595.160000,753.639000,17430.918000,39871.790000,5200.342000,3157.262000,150.743000,6617.591000,7451.981000,2971.061000,12766.827000,1972.820000,1593.866000,2801.901000,4783.005000,8405.097000,26683.688000,2024-12-31,-385.190000,1725.643000,-22983.796000,134.455860,6768.334000,5953.981000,814.353000,7638.182000,14739.647000,22377.829000,-0.063989,0.064165,0.066705,0.019311,0.000130,0.888441,0.016235,0.025165,-0.014890,0.035713,0.082601,1.035173,44.546176,118.343074,47.182688,115.706563,0.471913,3.644345,-0.006111,0.006008,-0.000000,0.000000,114.159429,65.287000
USIM5,2025,1050.321000,-24079.521000,1274.791000,0.000000,-742.065000,-3547.815000,-524.545000,42.743000,-1363.886000,301.045000,-91.908000,-1987.076000,2179.444000,-1429.279000,-1480.755000,2183.929000,-3078.192000,-2910.034000,26263.450000,0.000000,-116.869000,1801.978000,16801.273000,35684.766000,5141.617000,3002.668000,184.291000,6205.848000,5928.828000,2543.572000,10424.479000,2013.614000,1718.546000,2887.502000,4078.513000,7904.872000,23701.381000,2025-12-31,-2582.250000,-89.095000,-22804.730000,-1098.854460,6390.139000,6943.595000,-553.456000,6387.924000,12438.093000,18826.017000,0.015217,0.083155,-0.003392,-0.051931,-0.110802,0.868307,0.019972,0.028255,-0.098321,0.039992,0.086487,-0.965237,41.730002,94.893569,40.711018,95.912553,6.211976,4.119460,-0.147891,-0.058369,-0.000000,0.000000,-0.014688,1129.123000
USIM5,LTM 2T26,1087.909000,-22348.736000,1147.296000,0.000000,-755.877000,-3415.266000,-487.389000,78.226000,-982.310000,280.609000,-1447.286000,-1778.633000,2722.356000,-1052.088000,-998.236000,2432.956000,-2320.418000,-2050.324000,24781.692000,0.000000,-15.926000,1548.300000,16781.145000,35106.656000,5274.257000,3069.628000,174.586000,6048.722000,5920.457000,2816.693000,9906.195000,1938.999000,1779.224000,2893.937000,3777.846000,7683.719000,23645.091000,2026-06-30,-2452.609000,164.986000,-21201.440000,-833.526540,6223.308000,6822.557000,-599.249000,6173.392000,11845.194000,18018.586000,-0.056419,0.098176,0.006658,-0.039639,-0.082735,0.855528,0.019667,0.030501,-0.098969,0.043900,0.092241,-1.053947,45.211369,101.925473,48.491656,98.645186,-3.632120,4.441988,-0.111821,-0.046259,-0.000000,0.000000,-0.038153,1634.447000
VALE3,2018,13978.533000,-81200.904000,12238.935000,-19606.606000,-1916.765000,-10106.478000,0.000000,13050.573000,43175.744000,-693.486000,-40529.864000,-926.512000,47930.771000,965.980000,25118.225000,53282.222000,25656.526000,25773.768000,134483.126000,1549.087000,-18057.519000,0.000000,59256.115000,341714.838000,22412.547000,11669.973000,3888.522000,56039.432000,17215.947000,13609.716000,187481.499000,30850.392000,12495.002000,3279.552000,35516.662000,132515.998000,173682.178000,2018-12-31,-7496.227000,55414.679000,-68961.969000,28953.691800,59927.954000,22412.547000,37515.407000,15276.204000,218331.891000,233608.095000,,0.396200,0.412057,0.321050,0.191651,0.512793,-0.000000,0.014253,-0.055741,0.103943,,-0.038457,31.673417,91.120088,72.033128,50.760377,0.676994,1.668403,0.150564,0.123941,,,0.506351,33952.238000
VALE3,2019,14773.970000,-83835.563000,14750.733000,-15536.478000,-1924.308000,-62564.583000,0.000000,695.071000,2239.775000,-2683.903000,-14882.672000,-26537.165000,47283.755000,2508.971000,-11205.011000,64804.358000,-6671.445000,-8696.040000,148639.921000,2091.692000,-13444.786000,0.000000,68697.547000,369670.328000,29627.092000,11483.278000,5804.801000,54037.929000,17228.428000,16555.739000,187733.155000,34256.976000,11277.871000,-4330.947000,55805.644000,156715.331000,157149.353000,2019-12-31,-57956.372000,16990.508000,-69084.830000,3249.627480,59842.730000,29627.092000,30215.638000,12155.967000,221990.131000,234146.098000,0.105268,0.435982,0.114306,0.015068,-0.058504,0.464780,-0.000000,0.012946,-0.389911,0.099394,0.067561,0.223915,28.198323,91.023981,87.469923,31.752381,1.778383,1.231014,-0.041314,0.013879,0.259437,0.080388,-0.079930,32509.785000
VALE3,2020,22725.636000,-98567.494000,16679.216000,-26062.458000,-2856.913000,-57893.647000,0.000000,18708.953000,52067.618000,-5435.930000,-18040.617000,-24233.837000,75207.873000,-3024.647000,27926.988000,109961.265000,26712.713000,24902.341000,208528.759000,1921.828000,-24140.630000,0.000000,126805.173000,478129.515000,70085.566000,27233.885000,5901.375000,72187.720000,21102.768000,17495.960000,213835.752000,48308.512000,10556.640000,-4798.995000,75837.515000,221306.016000,180985.984000,2020-12-31,-49600.804000,68746.834000,-81888.278000,37952.341680,78089.095000,70085.566000,8003.529000,30840.693000,262144.264000,292984.957000,0.402912,0.527319,0.329676,0.249690,0.119419,0.392695,-0.000000,0.013700,-0.237861,0.108981,0.075135,0.108306,47.669051,94.061208,77.984610,63.745649,0.116420,1.672064,0.143783,0.129537,0.377903,0.038547,0.751293,52482.237000
VALE3,2021,27301.000000,-117267.000000,16379.000000,15990.000000,-2601.000000,-34922.000000,0.000000,73287.000000,141335.000000,-6947.000000,-109226.000000,-35288.000000,136766.000000,-25320.000000,159147.000000,176257.000000,121228.000000,121343.000000,293524.000000,1822.000000,17812.000000,1028.000000,124800.000000,499128.000000,65409.000000,21840.000000,6720.000000,70189.000000,24429.000000,19393.000000,233995.000000,50287.000000,9771.000000,4655.000000,84814.000000,217256.000000,197058.000000,2021-12-31,-25374.000000,157714.000000,-100888.000000,97866.120000,76909.000000,66437.000000,10472.000000,26876.000000,284282.000000,311158.000000,0.407595,0.600486,0.537312,0.481511,0.413401,0.343713,-0.000000,0.008861,-0.086446,0.093011,0.062481,0.159098,27.158256,88.381026,70.161417,45.377866,0.066399,1.471455,0.630073,0.314522,-0.206325,0.026692,0.603966,109465.000000
VALE3,2022,28184.000000,-124195.000000,16386.000000,8693.000000,-2658.000000,-11987.000000,0.000000,34157.000000,90326.000000,1616.000000,-71005.000000,-24176.000000,58201.000000,-15185.000000,101704.000000,102313.000000,95924.000000,96337.000000,226508.000000,2685.000000,11378.000000,320.000000,81009.000000,453387.000000,24711.000000,22537.000000,2552.000000,63778.000000,23386.000000,23278.000000,234472.000000,53421.000000,9381.000000,7782.000000,72478.000000,186015.000000,194894.000000,2022-12-31,-10945.000000,106712.000000,-107809.000000,58548.600000,66330.000000,25031.000000,41299.000000,22645.000000,287893.000000,310538.000000,-0.228315,0.451697,0.471118,0.398776,0.425314,0.475961,-0.000000,0.011735,-0.048321,0.124428,0.057640,0.149306,36.316620,79.176043,78.810396,36.682267,0.387014,1.117705,0.512656,0.188539,-0.121378,0.058709,0.354557,30017.000000
VALE3,2023,29446.000000,-120016.000000,15300.000000,-11877.000000,-2758.000000,-22778.000000,0.000000,27967.000000,65272.000000,-5434.000000,-37002.000000,-31425.000000,65905.000000,-15000.000000,55554.000000,88050.000000,39940.000000,40554.000000,208066.000000,2159.000000,-9718.000000,250.000000,90529.000000,455984.000000,17474.000000,20317.000000,4940.000000,62464.000000,22679.000000,25523.000000,234302.000000,56309.000000,9061.000000,7360.000000,70948.000000,186711.000000,198325.000000,2023-12-31,-14586.000000,80572.000000,-104716.000000,46665.960000,67404.000000,17724.000000,49680.000000,17473.000000,290611.000000,308084.000000,-0.081419,0.423183,0.387243,0.313708,0.194909,0.503283,-0.000000,0.013255,-0.070103,0.141522,0.053145,0.270008,35.641119,79.050336,88.963434,25.728020,0.616591,1.275991,0.209148,0.151472,0.177621,0.100994,0.689624,36459.000000
VALE3,2024,35098.000000,-131318.000000,16525.000000,-23516.000000,-3397.000000,-19228.000000,0.000000,20663.000000,55459.000000,-1570.000000,-11468.000000,-30781.000000,50199.000000,-3793.000000,34224.000000,74687.000000,31592.000000,30431.000000,206005.000000,2281.000000,-21235.000000,331.000000,83476.000000,496325.000000,30671.000000,14600.000000,7223.000000,88789.000000,28513.000000,26217.000000,247594.000000,65105.000000,28158.000000,6948.000000,81055.000000,201550.000000,213720.000000,2024-12-31,-14261.000000,71984.000000,-114793.000000,37639.140000,96012.000000,31002.000000,65010.000000,16896.000000,312699.000000,329595.000000,-0.009906,0.362549,0.349428,0.269212,0.147720,0.557234,-0.000000,0.016490,-0.069226,0.170375,0.056863,0.110829,25.868304,90.660972,83.360527,33.168749,0.903117,1.029869,0.152787,0.114198,0.287805,0.093626,0.679012,15101.000000
VALE3,2025,33390.000000,-138887.000000,17306.000000,-8079.000000,-3566.000000,-42739.000000,0.000000,19971.000000,31969.000000,-1170.000000,1239.000000,-38463.000000,48765.000000,-14882.000000,26693.000000,74708.000000,13814.000000,11811.000000,213595.000000,2803.000000,-5276.000000,1066.000000,100645.000000,476094.000000,40563.000000,12639.000000,3731.000000,99726.000000,32666.000000,30621.000000,240040.000000,49261.000000,27674.000000,4627.000000,87320.000000,199848.000000,188926.000000,2025-12-31,-38003.000000,49275.000000,-121581.000000,21871.740000,103457.000000,41629.000000,61828.000000,14684.000000,289301.000000,303985.000000,0.036844,0.349765,0.230694,0.149671,0.055296,0.569213,-0.000000,0.016695,-0.177921,0.156324,0.055344,0.557524,21.598048,98.067050,91.927727,27.737370,1.254754,1.152600,0.074954,0.071950,0.081005,0.077185,1.690881,15375.000000
VALE3,LTM 2T26,31848.000000,-141911.000000,17823.000000,-12475.000000,-3667.000000,-42048.000000,0.000000,23071.000000,34110.000000,-453.000000,-16518.000000,-34955.000000,50599.000000,-15720.000000,24411.000000,76158.000000,10369.000000,8691.000000,218069.000000,2776.000000,-9699.000000,971.000000,91411.000000,462161.000000,28871.000000,13534.000000,6534.000000,91500.000000,32424.000000,32113.000000,240188.000000,48775.000000,27248.000000,4832.000000,76703.000000,183991.000000,201467.000000,2026-06-30,-37928.000000,51933.000000,-124088.000000,22811.580000,98034.000000,29842.000000,68192.000000,13845.000000,288963.000000,302808.000000,0.020946,0.349238,0.238149,0.156418,0.039854,0.569031,-0.000000,0.016816,-0.173927,0.146046,0.061607,0.643972,22.652968,95.373928,94.459134,23.567762,1.313076,1.191753,0.052732,0.075333,0.123827,0.077682,2.654585,18751.000000
