ticker,multiplo,mediana_pares,base,preco_implicito
VALE3,ev_ebitda,6.3887,51933.0000,63.5400
VALE3,ev_ebit,8.4577,34110.0000,52.9096
VALE3,p_l,16.1596,10369.0000,41.1454
VALE3,p_vp,0.7770,196635.0000,37.5172
CSNA3,ev_ebitda,6.4704,7727.2630,5.9156
CSNA3,ev_ebit,8.1630,3345.4160,-11.1946
CSNA3,p_l,20.6023,-2626.8820,
CSNA3,p_vp,1.1308,12166.3320,10.3746
GGBR4,ev_ebitda,6.6284,8730.5160,25.2456
GGBR4,ev_ebit,8.1630,5034.1410,16.7005
GGBR4,p_l,19.1411,2237.0810,21.8116
GGBR4,p_vp,1.0470,53544.5540,28.5572
